{"accuracy": [0.6040401458740234, 0.8660644292831421, 0.9177466630935669, 0.9426132440567017, 0.9564265012741089, 0.9670957922935486, 0.973525881767273, 0.9760438203811646, 0.9800839424133301, 0.9818906188011169], "loss": [1.349787950515747, 0.423516184091568, 0.25203198194503784, 0.17557662725448608, 0.1322975903749466, 0.0994502380490303, 0.0790216475725174, 0.0730891078710556, 0.06102075055241585, 0.0568026602268219], "val_accuracy": [0.8522080779075623, 0.9169701933860779, 0.9463350772857666, 0.950717031955719, 0.954359233379364, 0.9589688181877136, 0.9591964483261108, 0.9723423719406128, 0.9664807915687561, 0.9663100242614746], "val_loss": [0.46560847759246826, 0.26364657282829285, 0.16433049738407135, 0.1612536460161209, 0.14558517932891846, 0.13090412318706512, 0.1306879222393036, 0.09384654462337494, 0.10911045968532562, 0.10941430181264877]}